"   ","LEG_NO","MASTER_FLIGHT_NO","ACTUAL_DEPARTURE_DT","ACTUAL_ARRIVAL_DT","AC_REG_CD","ASSMBL_CD","LOC_CD","LOC_CD"
"1","QFA0094","QFA0094","23/04/2019 5:34:00 AM","23/04/2019 8:51:00 PM","VH-OQG","380","MEL","LAX"
"2","QFA0012","QFA0012","23/04/2019 5:37:00 AM","23/04/2019 8:22:00 PM","VH-OQC","380","SYD","LAX"
"3","QFA0002","QFA0002","23/04/2019 11:34:00 AM","23/04/2019 7:10:00 PM","VH-OQA","380","SYD","SIN"
"4","QFA0002","QFA0002","23/04/2019 8:01:00 PM","24/04/2019 9:18:00 AM","VH-OQB","380","SIN","LHR"
"5","QFA0093","QFA0093","23/04/2019 11:01:00 PM","24/04/2019 1:26:00 PM","VH-OQE","380","LAX","MEL"
"6","QFA0036","QFA0036","23/04/2019 12:12:00 PM","23/04/2019 7:25:00 PM","VH-OQE","380","MEL","SIN"
"7","QFA0035","QFA0035","23/04/2019 1:50:00 AM","23/04/2019 9:15:00 AM","VH-OQE","380","SIN","MEL"
"8","QFA6012","QFA6012","23/04/2019 10:18:00 AM","23/04/2019 11:44:00 AM","VH-OQF","380","SYD","BNE"
"9","QFA6002","QFA6002","23/04/2019 3:44:00 AM","23/04/2019 5:13:00 AM","VH-OQF","380","BNE","SYD"
"10","QFA0011","QFA0011","23/04/2019 11:41:00 PM","24/04/2019 1:11:00 PM","VH-OQJ","380","LAX","SYD"
"11","QFA0008","QFA0008","23/04/2019 3:29:00 AM","23/04/2019 8:24:00 PM","VH-OQJ","380","SYD","DFW"
"12","QFA0001","QFA0001","23/04/2019 3:54:00 PM","24/04/2019 5:55:00 AM","VH-OQK","380","LHR","SIN"
"13","QFA0001","QFA0001","23/04/2019 5:57:00 AM","23/04/2019 1:53:00 PM","VH-OQK","380","SIN","SYD"
"14","QFA0870","QFA0870","23/04/2019 10:21:00 PM","24/04/2019 1:03:00 AM","VH-XZI","N37","HTI","MEL"
"15","QFA0627","QFA0627","23/04/2019 6:28:00 AM","23/04/2019 8:44:00 AM","VH-XZI","N37","MEL","BNE"
"16","QFA0530","QFA0530","23/04/2019 4:06:00 AM","23/04/2019 5:27:00 AM","VH-XZI","N37","BNE","SYD"
"17","QFA0521","QFA0521","23/04/2019 1:27:00 AM","23/04/2019 2:46:00 AM","VH-XZI","N37","SYD","BNE"
"18","QFA0152","QFA0152","23/04/2019 7:09:00 PM","23/04/2019 11:00:00 PM","VH-XZJ","N37","MEL","AKL"
"19","QFA0147","QFA0147","23/04/2019 6:13:00 AM","23/04/2019 9:11:00 AM","VH-XZJ","N37","AKL","SYD"
"20","QFA0144","QFA0144","23/04/2019 1:27:00 AM","23/04/2019 4:50:00 AM","VH-XZJ","N37","SYD","AKL"
"21","QFA0056","QFA0056","23/04/2019 5:14:00 AM","23/04/2019 6:45:00 PM","VH-ZNB","787","BNE","LAX"
"22","QFA0582","QFA0582","23/04/2019 6:37:00 AM","23/04/2019 10:43:00 AM","VH-XZF","N37","SYD","PER"
"23","QFA0512","QFA0512","23/04/2019 11:05:00 PM","24/04/2019 12:28:00 AM","VH-XZF","N37","BNE","SYD"
"24","QFA0016","QFA0016","23/04/2019 6:11:00 AM","23/04/2019 7:40:00 PM","VH-ZNE","787","BNE","LAX"
"25","QFA0157","QFA0157","23/04/2019 3:40:00 AM","23/04/2019 7:15:00 AM","VH-XZE","N37","AKL","MEL"
"26","QFA0142","QFA0142","23/04/2019 8:34:00 PM","23/04/2019 11:50:00 PM","VH-XZE","N37","SYD","AKL"
"27","QFA0795","QFA0795","23/04/2019 8:09:00 PM","23/04/2019 9:08:00 PM","VH-XZO","N37","MEL","CBR"
"28","QFA0718","QFA0718","23/04/2019 7:44:00 AM","23/04/2019 11:27:00 AM","VH-XZO","N37","CBR","PER"
"29","QFA0581","QFA0581","23/04/2019 12:36:00 AM","23/04/2019 5:13:00 AM","VH-XZO","N37","PER","SYD"
"30","QFA0416","QFA0416","23/04/2019 10:28:00 PM","23/04/2019 11:39:00 PM","VH-XZO","N37","SYD","MEL"
"31","QFA0010","QFA0010","23/04/2019 5:24:00 AM","23/04/2019 8:47:00 AM","VH-ZNH","787","MEL","PER"
"32","QFA0141","QFA0141","23/04/2019 9:15:00 PM","24/04/2019 12:17:00 AM","VH-XZH","N37","AKL","SYD"
"33","QFA0102","QFA0102","23/04/2019 5:58:00 AM","23/04/2019 10:24:00 AM","VH-XZH","N37","SYD","NAN"
"34","QFA0101","QFA0101","23/04/2019 12:36:00 AM","23/04/2019 4:52:00 AM","VH-XZH","N37","NAN","SYD"
"35","QFA7353","QFA7353","23/04/2019 3:19:00 PM","23/04/2019 5:24:00 PM","VH-XML","737","BNE","MEL"
"36","QFA7335","QFA7335","23/04/2019 12:12:00 PM","23/04/2019 2:18:00 PM","VH-XML","737","MEL","BNE"
"37","QFA7332","QFA7332","23/04/2019 6:02:00 PM","23/04/2019 7:47:00 PM","VH-XML","737","TSV","BNE"
"38","QFA7321","QFA7321","23/04/2019 8:27:00 PM","23/04/2019 9:08:00 PM","VH-XML","737","CNS","TSV"
"39","QFA7313","QFA7313","23/04/2019 8:51:00 AM","23/04/2019 10:48:00 AM","VH-XML","737","BNE","CNS"
"40","QFA6102","QFA6102","23/04/2019 12:15:00 AM","23/04/2019 4:34:00 AM","VH-VXK","N37","SYD","MEL"
"41","QFA1010","QFA1010","23/04/2019 12:31:00 AM","23/04/2019 2:34:00 AM","VH-VXK","N37","MEL","HBA"
"42","QFA0549","QFA0549","23/04/2019 8:06:00 AM","23/04/2019 9:20:00 AM","VH-VXK","N37","SYD","BNE"
"43","QFA0536","QFA0536","23/04/2019 6:01:00 AM","23/04/2019 7:28:00 AM","VH-VXK","N37","BNE","SYD"
"44","QFA0461","QFA0461","23/04/2019 11:05:00 PM","24/04/2019 12:28:00 AM","VH-VXK","N37","MEL","SYD"
"45","QFA0822","QFA0822","23/04/2019 9:42:00 AM","23/04/2019 10:35:00 AM","VH-VYD","N37","CBR","MEL"
"46","QFA0740","QFA0740","23/04/2019 10:40:00 PM","24/04/2019 12:29:00 AM","VH-VYD","N37","SYD","ADL"
"47","QFA0713","QFA0713","23/04/2019 8:08:00 PM","23/04/2019 9:45:00 PM","VH-VYD","N37","ADL","CBR"
"48","QFA0525","QFA0525","23/04/2019 2:12:00 AM","23/04/2019 3:27:00 AM","VH-VYD","N37","SYD","BNE"
"49","QFA0443","QFA0443","23/04/2019 4:59:00 AM","23/04/2019 6:10:00 AM","VH-VYD","N37","MEL","SYD"
"50","QFA0155","QFA0155","23/04/2019 6:29:00 AM","23/04/2019 10:05:00 AM","VH-VYZ","N37","AKL","MEL"
"51","QFA0132","QFA0132","23/04/2019 1:43:00 AM","23/04/2019 5:00:00 AM","VH-VYZ","N37","MEL","CHC"
"52","QFA0120","QFA0120","23/04/2019 6:39:00 PM","23/04/2019 10:18:00 PM","VH-VYZ","N37","BNE","AKL"
"53","QFA0057","QFA0057","23/04/2019 11:27:00 PM","24/04/2019 2:32:00 AM","VH-VYZ","N37","POM","BNE"
"54","QFA0164","QFA0164","23/04/2019 3:53:00 AM","23/04/2019 7:20:00 AM","VH-VZK","N37","SYD","WLG"
"55","QFA0163","QFA0163","23/04/2019 8:29:00 AM","23/04/2019 11:26:00 AM","VH-VZK","N37","WLG","SYD"
"56","QFA0162","QFA0162","23/04/2019 7:05:00 PM","23/04/2019 10:24:00 PM","VH-VZK","N37","SYD","WLG"
"57","QFA1103","QFA1103","23/04/2019 2:53:00 AM","23/04/2019 4:29:00 AM","VH-VXB","N37","PER","ZNE"
"58","QFA1102","QFA1102","23/04/2019 12:25:00 AM","23/04/2019 2:03:00 AM","VH-VXB","N37","ZNE","PER"
"59","QFA0654","QFA0654","23/04/2019 6:52:00 AM","23/04/2019 11:21:00 AM","VH-VXB","N37","BNE","PER"
"60","QFA0611","QFA0611","23/04/2019 10:10:00 PM","24/04/2019 12:17:00 AM","VH-VXB","N37","MEL","BNE"
"61","QFA0766","QFA0766","23/04/2019 8:34:00 AM","23/04/2019 10:22:00 AM","VH-VXP","N37","SYD","ADL"
"62","QFA0691","QFA0691","23/04/2019 5:37:00 AM","23/04/2019 6:42:00 AM","VH-VXP","N37","ADL","MEL"
"63","QFA0517","QFA0517","23/04/2019 12:01:00 AM","23/04/2019 1:30:00 AM","VH-VXP","N37","SYD","BNE"
"64","QFA0435","QFA0435","23/04/2019 3:00:00 AM","23/04/2019 4:13:00 AM","VH-VXP","N37","MEL","SYD"
"65","QFA0413","QFA0413","23/04/2019 9:44:00 PM","23/04/2019 11:12:00 PM","VH-VXP","N37","MEL","SYD"
"66","QFA0732","QFA0732","23/04/2019 9:00:00 PM","23/04/2019 10:44:00 PM","VH-VYI","N37","SYD","ADL"
"67","QFA0663","QFA0663","23/04/2019 1:43:00 AM","23/04/2019 4:07:00 AM","VH-VYI","N37","ADL","BNE"
"68","QFA0585","QFA0585","23/04/2019 5:18:00 AM","23/04/2019 8:32:00 AM","VH-VYI","N37","PER","ADL"
"69","QFA0584","QFA0584","23/04/2019 9:32:00 AM","23/04/2019 12:16:00 PM","VH-VYI","N37","ADL","PER"
"70","QFA1017","QFA1017","23/04/2019 9:33:00 AM","23/04/2019 10:41:00 AM","VH-VZA","N37","HBA","MEL"
"71","QFA1010","QFA1010","23/04/2019 8:01:00 PM","23/04/2019 9:14:00 PM","VH-VZA","N37","MEL","HBA"
"72","QFA0819","QFA0819","23/04/2019 7:03:00 AM","23/04/2019 8:00:00 AM","VH-VZA","N37","MEL","CBR"
"73","QFA0818","QFA0818","23/04/2019 5:24:00 AM","23/04/2019 6:18:00 AM","VH-VZA","N37","CBR","MEL"
"74","QFA0608","QFA0608","23/04/2019 10:13:00 PM","24/04/2019 12:23:00 AM","VH-VZA","N37","BNE","MEL"
"75","QFA0431","QFA0431","23/04/2019 2:07:00 AM","23/04/2019 3:17:00 AM","VH-VZA","N37","MEL","SYD"
"76","QFA0156","QFA0156","23/04/2019 1:33:00 AM","23/04/2019 5:29:00 AM","VH-XZC","N37","MEL","AKL"
"77","QFA0151","QFA0151","23/04/2019 8:58:00 PM","24/04/2019 12:46:00 AM","VH-XZC","N37","AKL","MEL"
"78","QFA0046","QFA0046","23/04/2019 2:10:00 PM","23/04/2019 7:39:00 PM","VH-XZC","N37","MEL","DPS"
"79","QFA0045","QFA0045","23/04/2019 7:09:00 AM","23/04/2019 12:53:00 PM","VH-XZC","N37","DPS","MEL"
"80","QFA1016","QFA1016","23/04/2019 7:01:00 AM","23/04/2019 8:12:00 AM","VH-VXE","N37","MEL","HBA"
"81","QFA1015","QFA1015","23/04/2019 4:59:00 AM","23/04/2019 6:12:00 AM","VH-VXE","N37","HBA","MEL"
"82","QFA0824","QFA0824","23/04/2019 11:05:00 PM","24/04/2019 3:06:00 AM","VH-VXE","N37","DRW","BNE"
"83","QFA0617","QFA0617","23/04/2019 1:10:00 AM","23/04/2019 3:09:00 AM","VH-VXE","N37","MEL","BNE"
"84","QFA0502","QFA0502","23/04/2019 8:26:00 PM","23/04/2019 9:56:00 PM","VH-VXE","N37","BNE","SYD"
"85","QFA0490","QFA0490","23/04/2019 9:59:00 AM","23/04/2019 11:08:00 AM","VH-VXE","N37","SYD","MEL"
"86","QFA1389","QFA1389","23/04/2019 12:01:00 AM","23/04/2019 1:39:00 AM","VH-VXT","N37","PER","SLJ"
"87","QFA1128","QFA1128","23/04/2019 2:45:00 AM","23/04/2019 4:41:00 AM","VH-VXT","N37","PHE","PER"
"88","QFA0984","QFA0984","23/04/2019 5:34:00 AM","23/04/2019 9:53:00 AM","VH-VXT","N37","BNE","PHE"
"89","QFA0589","QFA0589","23/04/2019 10:25:00 PM","24/04/2019 3:35:00 AM","VH-VXT","N37","PER","BNE"
"90","QFA1384","QFA1384","23/04/2019 9:29:00 PM","23/04/2019 11:12:00 PM","VH-VZJ","N37","KFE","PER"
"91","QFA0918","QFA0918","23/04/2019 8:46:00 AM","23/04/2019 10:36:00 AM","VH-VZJ","N37","KTA","PER"
"92","QFA0917","QFA0917","23/04/2019 11:25:00 AM","23/04/2019 1:12:00 PM","VH-VZJ","N37","PER","KTA"
"93","QFA0939","QFA0939","23/04/2019 5:04:00 AM","23/04/2019 7:02:00 AM","VH-VZE","N37","ASP","DRW"
"94","QFA0938","QFA0938","23/04/2019 7:41:00 AM","23/04/2019 9:36:00 AM","VH-VZE","N37","DRW","ASP"
"95","QFA0936","QFA0936","23/04/2019 2:00:00 AM","23/04/2019 3:51:00 AM","VH-VZE","N37","DRW","ASP"
"96","QFA0898","QFA0898","23/04/2019 9:55:00 PM","23/04/2019 11:44:00 PM","VH-VZE","N37","KTA","PER"
"97","QFA0793","QFA0793","23/04/2019 10:29:00 AM","23/04/2019 2:07:00 PM","VH-VZE","N37","PER","DRW"
"98","QFA0138","QFA0138","23/04/2019 6:54:00 PM","23/04/2019 10:22:00 PM","VH-VZZ","N37","SYD","CHC"
"99","QFA0135","QFA0135","23/04/2019 8:54:00 AM","23/04/2019 12:21:00 PM","VH-VZZ","N37","CHC","BNE"
"100","QFA0121","QFA0121","23/04/2019 11:54:00 PM","24/04/2019 2:48:00 AM","VH-VZZ","N37","ZQN","SYD"
"101","QFA0058","QFA0058","23/04/2019 3:44:00 AM","23/04/2019 6:23:00 AM","VH-VZZ","N37","BNE","POM"
"102","QFA0675","QFA0675","23/04/2019 10:42:00 PM","23/04/2019 11:56:00 PM","VH-VXA","N37","ADL","MEL"
"103","QFA0639","QFA0639","23/04/2019 10:11:00 AM","23/04/2019 12:17:00 PM","VH-VXA","N37","MEL","BNE"
"104","QFA0542","QFA0542","23/04/2019 7:32:00 AM","23/04/2019 8:54:00 AM","VH-VXA","N37","BNE","SYD"
"105","QFA0442","QFA0442","23/04/2019 4:57:00 AM","23/04/2019 6:15:00 AM","VH-VXA","N37","SYD","MEL"
"106","QFA0425","QFA0425","23/04/2019 12:29:00 AM","23/04/2019 1:54:00 AM","VH-VXA","N37","MEL","SYD"
"107","QFA0699","QFA0699","23/04/2019 8:37:00 AM","23/04/2019 9:41:00 AM","VH-VXL","N37","ADL","MEL"
"108","QFA0690","QFA0690","23/04/2019 5:34:00 AM","23/04/2019 6:42:00 AM","VH-VXL","N37","MEL","ADL"
"109","QFA0685","QFA0685","23/04/2019 3:31:00 AM","23/04/2019 4:36:00 AM","VH-VXL","N37","ADL","MEL"
"110","QFA0593","QFA0593","23/04/2019 8:37:00 PM","23/04/2019 11:48:00 PM","VH-VXL","N37","PER","ADL"
"111","QFA0843","QFA0843","23/04/2019 4:38:00 AM","23/04/2019 8:45:00 AM","VH-VYE","N37","SYD","DRW"
"112","QFA0754","QFA0754","23/04/2019 10:20:00 PM","24/04/2019 12:24:00 AM","VH-VYE","N37","AYQ","ADL"
"113","QFA0671","QFA0671","23/04/2019 8:06:00 PM","23/04/2019 9:20:00 PM","VH-VYE","N37","ADL","MEL"
"114","QFA0491","QFA0491","23/04/2019 10:30:00 AM","23/04/2019 11:59:00 AM","VH-VYE","N37","MEL","SYD"
"115","QFA0762","QFA0762","23/04/2019 12:07:00 AM","23/04/2019 3:31:00 AM","VH-VZO","N37","MEL","PER"
"116","QFA0494","QFA0494","23/04/2019 10:57:00 AM","23/04/2019 12:07:00 PM","VH-VZO","N37","SYD","MEL"
"117","QFA0459","QFA0459","23/04/2019 7:58:00 AM","23/04/2019 9:12:00 AM","VH-VZO","N37","MEL","SYD"
"118","QFA0444","QFA0444","23/04/2019 5:28:00 AM","23/04/2019 6:47:00 AM","VH-VZO","N37","SYD","MEL"
"119","QFA0809","QFA0809","23/04/2019 10:10:00 PM","23/04/2019 11:09:00 PM","VH-VZQ","N37","MEL","CBR"
"120","QFA0804","QFA0804","23/04/2019 8:26:00 PM","23/04/2019 9:20:00 PM","VH-VZQ","N37","CBR","MEL"
"121","QFA0765","QFA0765","23/04/2019 6:23:00 AM","23/04/2019 8:22:00 AM","VH-VZQ","N37","ADL","SYD"
"122","QFA0741","QFA0741","23/04/2019 12:50:00 AM","23/04/2019 2:36:00 AM","VH-VZQ","N37","ADL","SYD"
"123","QFA0736","QFA0736","23/04/2019 3:23:00 AM","23/04/2019 5:09:00 AM","VH-VZQ","N37","SYD","ADL"
"124","QFA0696","QFA0696","23/04/2019 9:37:00 AM","23/04/2019 10:43:00 AM","VH-VZQ","N37","MEL","ADL"
"125","QFA0927","QFA0927","23/04/2019 6:56:00 AM","23/04/2019 9:26:00 AM","VH-VXG","N37","SYD","CNS"
"126","QFA0926","QFA0926","23/04/2019 3:05:00 AM","23/04/2019 6:12:00 AM","VH-VXG","N37","CNS","SYD"
"128","QFA0500","QFA0500","23/04/2019 7:58:00 PM","23/04/2019 9:31:00 PM","VH-VXG","N37","BNE","SYD"
"129","QFA0424","QFA0424","23/04/2019 12:49:00 AM","23/04/2019 2:02:00 AM","VH-VXG","N37","SYD","MEL"
"130","QFA0840","QFA0840","23/04/2019 11:29:00 PM","24/04/2019 3:46:00 AM","VH-VXU","N37","DRW","SYD"
"131","QFA0791","QFA0791","23/04/2019 3:30:00 AM","23/04/2019 6:21:00 AM","VH-VXU","N37","SYD","ASP"
"132","QFA0637","QFA0637","23/04/2019 9:23:00 AM","23/04/2019 11:28:00 AM","VH-VXU","N37","MEL","BNE"
"133","QFA0540","QFA0540","23/04/2019 7:02:00 AM","23/04/2019 8:41:00 AM","VH-VXU","N37","BNE","SYD"
"134","QFA0404","QFA0404","23/04/2019 8:24:00 PM","23/04/2019 9:38:00 PM","VH-VXU","N37","SYD","MEL"
"135","QFA0797","QFA0797","23/04/2019 3:01:00 AM","23/04/2019 5:36:00 AM","VH-VZT","N37","MEL","ASP"
"136","QFA0739","QFA0739","23/04/2019 10:27:00 PM","24/04/2019 12:20:00 AM","VH-VZT","N37","ADL","SYD"
"137","QFA0628","QFA0628","23/04/2019 7:06:00 AM","23/04/2019 9:17:00 AM","VH-VZT","N37","BNE","MEL"
"138","QFA0557","QFA0557","23/04/2019 10:30:00 AM","23/04/2019 11:50:00 AM","VH-VZT","N37","SYD","BNE"
"139","QFA0853","QFA0853","23/04/2019 12:01:00 AM","23/04/2019 1:08:00 AM","VH-VZF","N37","MEL","CBR"
"140","QFA0661","QFA0661","23/04/2019 9:00:00 PM","23/04/2019 11:30:00 PM","VH-VZF","N37","ADL","BNE"
"141","QFA0616","QFA0616","23/04/2019 2:16:00 AM","23/04/2019 4:24:00 AM","VH-VZF","N37","BNE","MEL"
"142","QFA0544","QFA0544","23/04/2019 7:55:00 AM","23/04/2019 9:22:00 AM","VH-VZF","N37","BNE","SYD"
"143","QFA0537","QFA0537","23/04/2019 5:05:00 AM","23/04/2019 6:29:00 AM","VH-VZF","N37","SYD","BNE"
"144","QFA7376","QFA7376","23/04/2019 9:53:00 AM","23/04/2019 10:19:00 AM","VH-XMR","737","LST","HBA"
"145","QFA7370","QFA7370","23/04/2019 8:46:00 PM","23/04/2019 10:01:00 PM","VH-XMR","737","MEL","HBA"
"146","QFA7365","QFA7365","23/04/2019 10:56:00 AM","23/04/2019 11:52:00 AM","VH-XMR","737","MEL","LST"
"147","QFA7357","QFA7357","23/04/2019 6:50:00 PM","23/04/2019 7:58:00 PM","VH-XMR","737","HBA","MEL"
"148","QFA7350","QFA7350","23/04/2019 12:50:00 PM","23/04/2019 3:02:00 PM","VH-XMR","737","BNE","MEL"
"149","QFA7307","QFA7307","23/04/2019 6:59:00 AM","23/04/2019 8:13:00 AM","VH-XMR","737","HBA","MEL"
"150","QFA7305","QFA7305","23/04/2019 4:09:00 PM","23/04/2019 6:12:00 PM","VH-XMR","737","MEL","BNE"
"151","QFA1125","QFA1125","23/04/2019 9:58:00 AM","23/04/2019 11:50:00 AM","VH-VXD","N37","PER","PHE"
"152","QFA1110","QFA1110","23/04/2019 10:20:00 PM","24/04/2019 12:15:00 AM","VH-VXD","N37","PHE","PER"
"153","QFA0475","QFA0475","23/04/2019 1:42:00 AM","23/04/2019 5:40:00 AM","VH-VXD","N37","PER","MEL"
"154","QFA0810","QFA0810","23/04/2019 6:46:00 AM","23/04/2019 9:31:00 AM","VH-VXM","N37","ADL","PER"
"155","QFA0660","QFA0660","23/04/2019 8:30:00 PM","23/04/2019 10:49:00 PM","VH-VXM","N37","BNE","ADL"
"156","QFA0587","QFA0587","23/04/2019 1:15:00 AM","23/04/2019 4:22:00 AM","VH-VXM","N37","PER","ADL"
"158","QFA1111","QFA1111","23/04/2019 1:00:00 AM","23/04/2019 2:55:00 AM","VH-VYF","N37","PER","PHE"
"159","QFA1091","QFA1091","23/04/2019 11:47:00 PM","24/04/2019 1:23:00 AM","VH-VYF","N37","PER","ZNE"
"160","QFA1090","QFA1090","23/04/2019 9:24:00 PM","23/04/2019 11:03:00 PM","VH-VYF","N37","ZNE","PER"
"161","QFA0853","QFA0853","23/04/2019 11:51:00 PM","24/04/2019 12:53:00 AM","VH-VZM","N37","MEL","CBR"
"162","QFA0814","QFA0814","23/04/2019 10:07:00 PM","23/04/2019 11:02:00 PM","VH-VZM","N37","CBR","MEL"
"163","QFA0621","QFA0621","23/04/2019 3:09:00 AM","23/04/2019 5:13:00 AM","VH-VZM","N37","MEL","BNE"
"164","QFA0612","QFA0612","23/04/2019 12:09:00 AM","23/04/2019 2:16:00 AM","VH-VZM","N37","BNE","MEL"
"165","QFA0465","QFA0465","23/04/2019 9:12:00 AM","23/04/2019 10:31:00 AM","VH-VZM","N37","MEL","SYD"
"166","QFA0450","QFA0450","23/04/2019 6:28:00 AM","23/04/2019 7:42:00 AM","VH-VZM","N37","SYD","MEL"
"167","QFA0826","QFA0826","23/04/2019 6:14:00 AM","23/04/2019 7:09:00 AM","VH-VZS","N37","CBR","MEL"
"168","QFA0796","QFA0796","23/04/2019 11:22:00 PM","24/04/2019 2:05:00 AM","VH-VZS","N37","ASP","MEL"
"169","QFA0737","QFA0737","23/04/2019 7:55:00 AM","23/04/2019 9:26:00 AM","VH-VZS","N37","ADL","CBR"
"170","QFA0686","QFA0686","23/04/2019 3:35:00 AM","23/04/2019 4:44:00 AM","VH-VZS","N37","MEL","ADL"
"171","QFA0683","QFA0683","23/04/2019 1:39:00 AM","23/04/2019 2:43:00 AM","VH-VZS","N37","ADL","MEL"
"172","QFA0670","QFA0670","23/04/2019 8:32:00 PM","23/04/2019 9:42:00 PM","VH-VZS","N37","MEL","ADL"
"173","QFA0855","QFA0855","23/04/2019 2:28:00 AM","23/04/2019 3:26:00 AM","VH-VYJ","N37","MEL","CBR"
"174","QFA0816","QFA0816","23/04/2019 12:49:00 AM","23/04/2019 1:47:00 AM","VH-VYJ","N37","CBR","MEL"
"175","QFA0636","QFA0636","23/04/2019 10:03:00 AM","23/04/2019 12:06:00 PM","VH-VYJ","N37","BNE","MEL"
"176","QFA0609","QFA0609","23/04/2019 9:12:00 PM","23/04/2019 11:15:00 PM","VH-VYJ","N37","MEL","BNE"
"177","QFA0451","QFA0451","23/04/2019 7:14:00 AM","23/04/2019 8:39:00 AM","VH-VYJ","N37","MEL","SYD"
"178","QFA0440","QFA0440","23/04/2019 4:34:00 AM","23/04/2019 5:50:00 AM","VH-VYJ","N37","SYD","MEL"
"179","QFA0635","QFA0635","23/04/2019 8:08:00 AM","23/04/2019 10:22:00 AM","VH-VZB","N37","MEL","BNE"
"180","QFA0624","QFA0624","23/04/2019 5:10:00 AM","23/04/2019 7:16:00 AM","VH-VZB","N37","BNE","MEL"
"181","QFA0610","QFA0610","23/04/2019 11:09:00 PM","24/04/2019 1:15:00 AM","VH-VZB","N37","BNE","MEL"
"182","QFA0429","QFA0429","23/04/2019 1:34:00 AM","23/04/2019 2:47:00 AM","VH-VZB","N37","MEL","SYD"
"183","QFA1086","QFA1086","23/04/2019 10:08:00 PM","23/04/2019 11:44:00 PM","VH-VZP","N37","ZNE","PER"
"184","QFA0569","QFA0569","23/04/2019 6:45:00 AM","23/04/2019 11:29:00 AM","VH-VZP","N37","PER","SYD"
"185","QFA0438","QFA0438","23/04/2019 4:00:00 AM","23/04/2019 5:16:00 AM","VH-VZP","N37","SYD","MEL"
"186","QFA0427","QFA0427","23/04/2019 1:16:00 AM","23/04/2019 2:30:00 AM","VH-VZP","N37","MEL","SYD"
"187","QFA1357","QFA1357","23/04/2019 12:30:00 AM","23/04/2019 2:14:00 AM","VH-VXH","N37","PER","GBW"
"188","QFA0860","QFA0860","23/04/2019 11:45:00 PM","24/04/2019 1:02:00 AM","VH-VXH","N37","OOL","SYD"
"189","QFA0730","QFA0730","23/04/2019 8:26:00 PM","23/04/2019 10:13:00 PM","VH-VXH","N37","SYD","ADL"
"190","QFA0667","QFA0667","23/04/2019 8:53:00 AM","23/04/2019 11:15:00 AM","VH-VXH","N37","ADL","BNE"
"191","QFA0598","QFA0598","23/04/2019 3:31:00 AM","23/04/2019 8:11:00 AM","VH-VXH","N37","BNE","PER"
"192","QFA0811","QFA0811","23/04/2019 10:56:00 PM","23/04/2019 11:51:00 PM","VH-VYA","N37","MEL","CBR"
"193","QFA0783","QFA0783","23/04/2019 9:17:00 AM","23/04/2019 11:08:00 AM","VH-VYA","N37","ADL","SYD"
"194","QFA0706","QFA0706","23/04/2019 8:44:00 PM","23/04/2019 10:13:00 PM","VH-VYA","N37","CBR","ADL"
"195","QFA0682","QFA0682","23/04/2019 1:39:00 AM","23/04/2019 2:50:00 AM","VH-VYA","N37","MEL","ADL"
"196","QFA0620","QFA0620","23/04/2019 4:09:00 AM","23/04/2019 6:13:00 AM","VH-VYA","N37","BNE","MEL"
"197","QFA0545","QFA0545","23/04/2019 7:01:00 AM","23/04/2019 8:21:00 AM","VH-VYA","N37","SYD","BNE"
"198","QFA0597","QFA0597","23/04/2019 7:38:00 AM","23/04/2019 12:34:00 PM","VH-VZU","N37","PER","BNE"
"199","QFA0576","QFA0576","23/04/2019 11:26:00 PM","24/04/2019 3:30:00 AM","VH-VZU","N37","SYD","PER"
"200","QFA0090","QFA0090","23/04/2019 3:05:00 AM","23/04/2019 5:30:00 AM","VH-VZU","N37","BNE","NOU"
"201","QFA0089","QFA0089","23/04/2019 12:06:00 AM","23/04/2019 2:18:00 AM","VH-VZU","N37","NOU","BNE"
"202","QFA0596","QFA0596","23/04/2019 2:04:00 AM","23/04/2019 6:47:00 AM","VH-VZG","N37","BNE","PER"
"203","QFA0154","QFA0154","23/04/2019 9:55:00 PM","24/04/2019 1:49:00 AM","VH-VZG","N37","MEL","AKL"
"204","QFA0125","QFA0125","23/04/2019 8:29:00 AM","23/04/2019 11:33:00 AM","VH-VZG","N37","AKL","BNE"
"205","QFA0723","QFA0723","23/04/2019 1:31:00 AM","23/04/2019 3:19:00 AM","VH-VXI","N37","ASP","ADL"
"206","QFA0722","QFA0722","23/04/2019 4:03:00 AM","23/04/2019 5:58:00 AM","VH-VXI","N37","ADL","ASP"
"207","QFA0719","QFA0719","23/04/2019 9:09:00 AM","23/04/2019 1:29:00 PM","VH-VXI","N37","PER","CBR"
"208","QFA0708","QFA0708","23/04/2019 6:49:00 AM","23/04/2019 8:20:00 AM","VH-VXI","N37","CBR","ADL"
"209","QFA0650","QFA0650","23/04/2019 10:47:00 PM","24/04/2019 3:17:00 AM","VH-VXI","N37","BNE","PER"
"210","QFA0743","QFA0743","23/04/2019 8:17:00 AM","23/04/2019 10:05:00 AM","VH-VYB","N37","ADL","SYD"
"211","QFA0674","QFA0674","23/04/2019 9:01:00 PM","23/04/2019 10:16:00 PM","VH-VYB","N37","MEL","ADL"
"212","QFA0541","QFA0541","23/04/2019 5:58:00 AM","23/04/2019 7:10:00 AM","VH-VYB","N37","SYD","BNE"
"213","QFA0528","QFA0528","23/04/2019 3:12:00 AM","23/04/2019 4:32:00 AM","VH-VYB","N37","BNE","SYD"
"214","QFA0422","QFA0422","23/04/2019 12:14:00 AM","23/04/2019 1:34:00 AM","VH-VYB","N37","SYD","MEL"
"215","QFA0420","QFA0420","23/04/2019 11:29:00 PM","24/04/2019 12:43:00 AM","VH-VYB","N37","SYD","MEL"
"216","QFA0678_1","QFA0678","23/04/2019 1:22:00 AM","23/04/2019 2:36:00 AM","VH-VZX","N37","MEL","ADL"
"217","QFA0463","QFA0463","23/04/2019 8:34:00 AM","23/04/2019 9:50:00 AM","VH-VZX","N37","MEL","SYD"
"218","QFA0446","QFA0446","23/04/2019 6:02:00 AM","23/04/2019 7:21:00 AM","VH-VZX","N37","SYD","MEL"
"219","QFA0418","QFA0418","23/04/2019 11:02:00 PM","24/04/2019 12:22:00 AM","VH-VZX","N37","SYD","MEL"
"220","QFA0881","QFA0881","23/04/2019 4:06:00 AM","23/04/2019 6:04:00 AM","VH-VXF","N37","MEL","OOL"
"221","QFA0880","QFA0880","23/04/2019 12:54:00 AM","23/04/2019 2:55:00 AM","VH-VXF","N37","OOL","MEL"
"222","QFA0694","QFA0694","23/04/2019 8:47:00 AM","23/04/2019 9:57:00 AM","VH-VXF","N37","MEL","ADL"
"223","QFA0693","QFA0693","23/04/2019 6:52:00 AM","23/04/2019 8:03:00 AM","VH-VXF","N37","ADL","MEL"
"224","QFA0604","QFA0604","23/04/2019 9:09:00 PM","23/04/2019 11:11:00 PM","VH-VXF","N37","BNE","MEL"
"225","QFA0139","QFA0139","23/04/2019 7:52:00 AM","23/04/2019 10:48:00 AM","VH-XZD","N37","CHC","SYD"
"226","QFA0134","QFA0134","23/04/2019 6:03:00 PM","23/04/2019 9:52:00 PM","VH-XZD","N37","BNE","CHC"
"227","QFA0122","QFA0122","23/04/2019 3:36:00 AM","23/04/2019 6:31:00 AM","VH-XZD","N37","SYD","ZQN"
"228","QFA1129","QFA1129","23/04/2019 5:46:00 AM","23/04/2019 7:34:00 AM","VH-XZL","N37","PER","PHE"
"229","QFA0776","QFA0776","23/04/2019 9:40:00 AM","23/04/2019 1:05:00 PM","VH-XZL","N37","MEL","PER"
"230","QFA0600","QFA0600","23/04/2019 7:58:00 PM","23/04/2019 10:06:00 PM","VH-XZL","N37","BNE","MEL"
"231","QFA0513","QFA0513","23/04/2019 11:05:00 PM","24/04/2019 12:32:00 AM","VH-XZL","N37","SYD","BNE"
"232","QFA0679","QFA0679","23/04/2019 11:38:00 PM","24/04/2019 12:56:00 AM","VH-VXN","N37","ADL","MEL"
"233","QFA0626","QFA0626","23/04/2019 6:13:00 AM","23/04/2019 8:32:00 AM","VH-VXN","N37","BNE","MEL"
"234","QFA0615","QFA0615","23/04/2019 12:11:00 AM","23/04/2019 2:27:00 AM","VH-VXN","N37","MEL","BNE"
"235","QFA0563","QFA0563","23/04/2019 9:17:00 AM","23/04/2019 10:38:00 AM","VH-VXN","N37","SYD","BNE"
"236","QFA0409","QFA0409","23/04/2019 8:57:00 PM","23/04/2019 10:30:00 PM","VH-VXN","N37","MEL","SYD"
"237","QFA0759","QFA0759","23/04/2019 3:45:00 AM","23/04/2019 5:33:00 AM","VH-VYG","N37","ADL","SYD"
"238","QFA0692","QFA0692","23/04/2019 6:26:00 AM","23/04/2019 7:36:00 AM","VH-VYG","N37","MEL","ADL"
"239","QFA0613","QFA0613","23/04/2019 11:09:00 PM","24/04/2019 1:30:00 AM","VH-VYG","N37","MEL","BNE"
"240","QFA0504","QFA0504","23/04/2019 8:59:00 PM","23/04/2019 10:24:00 PM","VH-VYG","N37","BNE","SYD"
"241","QFA0460","QFA0460","23/04/2019 8:26:00 AM","23/04/2019 9:42:00 AM","VH-VYG","N37","SYD","MEL"
"242","QFA0426","QFA0426","23/04/2019 1:15:00 AM","23/04/2019 2:29:00 AM","VH-VYG","N37","SYD","MEL"
"243","QFA1358","QFA1358","23/04/2019 10:27:00 PM","24/04/2019 12:11:00 AM","VH-VZR","N37","GBW","PER"
"244","QFA0916_1","QFA0916","23/04/2019 8:31:00 AM","23/04/2019 10:25:00 AM","VH-VZR","N37","KTA","PER"
"245","QFA0915","QFA0915","23/04/2019 11:04:00 AM","23/04/2019 12:49:00 PM","VH-VZR","N37","PER","KTA"
"246","QFA0591","QFA0591","23/04/2019 12:25:00 AM","23/04/2019 5:34:00 AM","VH-VZR","N37","PER","BNE"
"247","QFA1101","QFA1101","23/04/2019 7:57:00 AM","23/04/2019 9:25:00 AM","VH-VZW","N37","PER","ZNE"
"248","QFA1100","QFA1100","23/04/2019 5:35:00 AM","23/04/2019 7:12:00 AM","VH-VZW","N37","ZNE","PER"
"249","QFA0909","QFA0909","23/04/2019 1:16:00 AM","23/04/2019 3:09:00 AM","VH-VZW","N37","PER","KTA"
"250","QFA0590","QFA0590","23/04/2019 9:39:00 PM","24/04/2019 12:31:00 AM","VH-VZW","N37","ADL","PER"
"251","QFA0865","QFA0865","23/04/2019 6:13:00 AM","23/04/2019 7:29:00 AM","VH-VYK","N37","SYD","OOL"
"252","QFA0862","QFA0862","23/04/2019 4:03:00 AM","23/04/2019 5:19:00 AM","VH-VYK","N37","OOL","SYD"
"253","QFA0548","QFA0548","23/04/2019 8:55:00 AM","23/04/2019 10:27:00 AM","VH-VYK","N37","BNE","SYD"
"254","QFA0507","QFA0507","23/04/2019 9:34:00 PM","23/04/2019 10:54:00 PM","VH-VYK","N37","SYD","BNE"
"255","QFA0430","QFA0430","23/04/2019 1:59:00 AM","23/04/2019 3:14:00 AM","VH-VYK","N37","SYD","MEL"
"257","QFA0757","QFA0757","23/04/2019 2:42:00 AM","23/04/2019 6:21:00 AM","VH-VZC","N37","ADL","DRW"
"258","QFA0595","QFA0595","23/04/2019 7:50:00 AM","23/04/2019 11:05:00 AM","VH-VZC","N37","PER","ADL"
"259","QFA0815","QFA0815","23/04/2019 5:05:00 AM","23/04/2019 6:02:00 AM","VH-VZY","N37","MEL","CBR"
"260","QFA0812","QFA0812","23/04/2019 3:29:00 AM","23/04/2019 4:27:00 AM","VH-VZY","N37","CBR","MEL"
"261","QFA0454","QFA0454","23/04/2019 7:32:00 AM","23/04/2019 9:00:00 AM","VH-VZY","N37","SYD","MEL"
"262","QFA0423","QFA0423","23/04/2019 12:05:00 AM","23/04/2019 1:24:00 AM","VH-VZY","N37","MEL","SYD"
"263","QFA0417","QFA0417","23/04/2019 10:33:00 PM","24/04/2019 12:01:00 AM","VH-VZY","N37","MEL","SYD"
"264","QFA7395","QFA7395","23/04/2019 5:24:00 AM","23/04/2019 8:57:00 AM","VH-XMB","737","MEL","PER"
"265","QFA7360","QFA7360","23/04/2019 4:28:00 PM","23/04/2019 5:19:00 PM","VH-XMB","737","MEL","LST"
"266","QFA7359","QFA7359","23/04/2019 6:07:00 PM","23/04/2019 9:49:00 PM","VH-XMB","737","PER","MEL"
"267","QFA7356","QFA7356","23/04/2019 2:54:00 PM","23/04/2019 3:58:00 PM","VH-XMB","737","LST","MEL"
"268","QFA7354","QFA7354","23/04/2019 10:21:00 AM","23/04/2019 11:37:00 AM","VH-XMB","737","SYD","MEL"
"269","QFA7345","QFA7345","23/04/2019 12:21:00 PM","23/04/2019 1:40:00 PM","VH-XMB","737","MEL","SYD"
"270","QFA0968","QFA0968","23/04/2019 8:29:00 PM","23/04/2019 10:25:00 PM","VH-VXJ","N37","TSV","BNE"
"271","QFA0967","QFA0967","23/04/2019 11:08:00 PM","24/04/2019 12:43:00 AM","VH-VXJ","N37","BNE","TSV"
"272","QFA0839","QFA0839","23/04/2019 3:20:00 AM","23/04/2019 7:31:00 AM","VH-VXJ","N37","MEL","DRW"
"273","QFA0634","QFA0634","23/04/2019 9:09:00 AM","23/04/2019 11:19:00 AM","VH-VXJ","N37","BNE","MEL"
"274","QFA0697","QFA0697","23/04/2019 7:39:00 AM","23/04/2019 8:49:00 AM","VH-VYC","N37","ADL","MEL"
"275","QFA0656","QFA0656","23/04/2019 9:47:00 AM","23/04/2019 12:04:00 PM","VH-VYC","N37","BNE","ADL"
"276","QFA0529","QFA0529","23/04/2019 3:00:00 AM","23/04/2019 4:14:00 AM","VH-VYC","N37","SYD","BNE"
"277","QFA0505","QFA0505","23/04/2019 9:07:00 PM","23/04/2019 10:26:00 PM","VH-VYC","N37","SYD","BNE"
"278","QFA0445","QFA0445","23/04/2019 5:27:00 AM","23/04/2019 6:38:00 AM","VH-VYC","N37","MEL","SYD"
"279","QFA0838","QFA0838","23/04/2019 10:16:00 PM","24/04/2019 2:31:00 AM","VH-VZV","N37","DRW","MEL"
"280","QFA0834","QFA0834","23/04/2019 7:07:00 AM","23/04/2019 8:06:00 AM","VH-VZV","N37","CBR","MEL"
"281","QFA0823","QFA0823","23/04/2019 10:00:00 AM","23/04/2019 11:01:00 AM","VH-VZV","N37","MEL","CBR"
"282","QFA0772","QFA0772","23/04/2019 3:01:00 AM","23/04/2019 6:28:00 AM","VH-VZV","N37","MEL","PER"
"283","QFA0605","QFA0605","23/04/2019 8:07:00 PM","23/04/2019 10:21:00 PM","VH-VZI","N37","MEL","BNE"
"284","QFA0556","QFA0556","23/04/2019 11:44:00 AM","23/04/2019 1:13:00 PM","VH-VZI","N37","BNE","SYD"
"285","QFA0533","QFA0533","23/04/2019 4:04:00 AM","23/04/2019 5:15:00 AM","VH-VZI","N37","SYD","BNE"
"286","QFA0520","QFA0520","23/04/2019 1:16:00 AM","23/04/2019 2:40:00 AM","VH-VZI","N37","BNE","SYD"
"287","QFA0485","QFA0485","23/04/2019 11:32:00 PM","24/04/2019 3:21:00 AM","VH-VZI","N37","PER","MEL"
"288","QFA0462","QFA0462","23/04/2019 8:55:00 AM","23/04/2019 10:10:00 AM","VH-VZI","N37","SYD","MEL"
"289","QFA0449","QFA0449","23/04/2019 6:28:00 AM","23/04/2019 7:44:00 AM","VH-VZI","N37","MEL","SYD"
"290","QFA0790","QFA0790","23/04/2019 11:34:00 PM","24/04/2019 2:39:00 AM","VH-VXO","N37","ASP","SYD"
"291","QFA0651","QFA0651","23/04/2019 1:47:00 AM","23/04/2019 6:58:00 AM","VH-VXO","N37","PER","BNE"
"292","QFA0594","QFA0594","23/04/2019 8:47:00 AM","23/04/2019 1:09:00 PM","VH-VXO","N37","BNE","PER"
"293","QFA0503","QFA0503","23/04/2019 8:31:00 PM","23/04/2019 9:59:00 PM","VH-VXO","N37","SYD","BNE"
"294","QFA0975","QFA0975","23/04/2019 6:52:00 AM","23/04/2019 8:39:00 AM","VH-VYH","N37","BNE","TSV"
"295","QFA0974","QFA0974","23/04/2019 4:22:00 AM","23/04/2019 6:13:00 AM","VH-VYH","N37","TSV","BNE"
"296","QFA0662","QFA0662","23/04/2019 12:57:00 AM","23/04/2019 3:19:00 AM","VH-VYH","N37","BNE","ADL"
"297","QFA0509","QFA0509","23/04/2019 10:04:00 PM","23/04/2019 11:25:00 PM","VH-VYH","N37","SYD","BNE"
"298","QFA1061","QFA1061","23/04/2019 12:06:00 AM","23/04/2019 1:03:00 AM","VH-VZL","N37","PER","KGI"
"299","QFA0702","QFA0702","23/04/2019 11:03:00 PM","24/04/2019 2:14:00 AM","VH-VZL","N37","CNS","MEL"
"300","QFA0642","QFA0642","23/04/2019 2:30:00 AM","23/04/2019 6:36:00 AM","VH-VZL","N37","SYD","PER"
"301","QFA0455","QFA0455","23/04/2019 7:36:00 AM","23/04/2019 8:54:00 AM","VH-VZL","N37","MEL","SYD"
"302","QFA0172","QFA0172","23/04/2019 4:53:00 AM","23/04/2019 8:28:00 AM","VH-XZB","N37","MEL","WLG"
"303","QFA0171","QFA0171","23/04/2019 12:18:00 AM","23/04/2019 3:57:00 AM","VH-XZB","N37","WLG","MEL"
"304","QFA0133","QFA0133","23/04/2019 9:03:00 PM","24/04/2019 12:37:00 AM","VH-XZB","N37","CHC","MEL"
"305","QFA1381","QFA1381","23/04/2019 12:05:00 AM","23/04/2019 1:45:00 AM","VH-VXC","N37","PER","CKW"
"306","QFA0764","QFA0764","23/04/2019 6:30:00 AM","23/04/2019 8:33:00 AM","VH-VXC","N37","SYD","ADL"
"307","QFA0592","QFA0592","23/04/2019 3:02:00 AM","23/04/2019 5:47:00 AM","VH-VXC","N37","ADL","PER"
"308","QFA0508","QFA0508","23/04/2019 10:00:00 PM","23/04/2019 11:32:00 PM","VH-VXC","N37","BNE","SYD"
"309","QFA1012","QFA1012","23/04/2019 12:20:00 AM","23/04/2019 1:34:00 AM","VH-VXS","N37","MEL","HBA"
"310","QFA0631","QFA0631","23/04/2019 7:17:00 AM","23/04/2019 9:18:00 AM","VH-VXS","N37","MEL","BNE"
"311","QFA0532","QFA0532","23/04/2019 5:05:00 AM","23/04/2019 6:35:00 AM","VH-VXS","N37","BNE","SYD"
"312","QFA0434","QFA0434","23/04/2019 2:59:00 AM","23/04/2019 4:15:00 AM","VH-VXS","N37","SYD","MEL"
"313","QFA0412","QFA0412","23/04/2019 9:25:00 PM","23/04/2019 10:46:00 PM","VH-VXS","N37","SYD","MEL"
"314","QFA0709","QFA0709","23/04/2019 12:38:00 AM","23/04/2019 2:31:00 AM","VH-VZD","N37","BNE","CNS"
"315","QFA0625","QFA0625","23/04/2019 4:59:00 AM","23/04/2019 6:59:00 AM","VH-VZD","N37","MEL","BNE"
"316","QFA0506","QFA0506","23/04/2019 9:28:00 PM","23/04/2019 11:05:00 PM","VH-VZD","N37","BNE","SYD"
"317","QFA0458","QFA0458","23/04/2019 7:54:00 AM","23/04/2019 9:14:00 AM","VH-VZD","N37","SYD","MEL"
"318","QFA0735","QFA0735","23/04/2019 9:21:00 PM","23/04/2019 11:16:00 PM","VH-XZA","N37","ADL","SYD"
"319","QFA0148","QFA0148","23/04/2019 6:07:00 AM","23/04/2019 9:27:00 AM","VH-XZA","N37","SYD","AKL"
"320","QFA0145","QFA0145","23/04/2019 1:35:00 AM","23/04/2019 4:38:00 AM","VH-XZA","N37","AKL","SYD"
"321","QFA0130","QFA0130","23/04/2019 11:54:00 AM","23/04/2019 9:58:00 PM","VH-EBS","330","SYD","PVG"
"322","QFA0415","QFA0415","23/04/2019 10:10:00 PM","23/04/2019 11:45:00 PM","VH-EBJ","330","MEL","SYD"
"323","QFA0119","QFA0119","23/04/2019 10:43:00 PM","24/04/2019 1:36:00 AM","VH-QPB","330","AKL","BNE"
"324","QFA0062","QFA0062","23/04/2019 11:50:00 AM","23/04/2019 8:24:00 PM","VH-QPB","330","BNE","NRT"
"325","QFA0922","QFA0922","23/04/2019 11:31:00 PM","24/04/2019 2:33:00 AM","VH-EBA","330","CNS","SYD"
"326","QFA0653","QFA0653","23/04/2019 10:53:00 AM","23/04/2019 2:46:00 PM","VH-EBA","330","PER","MEL"
"327","QFA0648","QFA0648","23/04/2019 3:54:00 PM","23/04/2019 7:20:00 PM","VH-EBA","330","MEL","PER"
"328","QFA0453","QFA0453","23/04/2019 7:44:00 AM","23/04/2019 9:04:00 AM","VH-EBA","330","MEL","SYD"
"329","QFA0408","QFA0408","23/04/2019 9:05:00 PM","23/04/2019 10:19:00 PM","VH-EBA","330","SYD","MEL"
"330","QFA0081","QFA0081","23/04/2019 12:13:00 AM","23/04/2019 8:17:00 AM","VH-QPF","330","SIN","SYD"
"331","QFA0061","QFA0061","23/04/2019 11:30:00 PM","24/04/2019 8:39:00 AM","VH-QPF","330","NRT","BNE"
"332","QFA0052","QFA0052","23/04/2019 1:11:00 PM","23/04/2019 8:32:00 PM","VH-QPF","330","BNE","SIN"
"333","QFA0575","QFA0575","23/04/2019 10:34:00 PM","24/04/2019 3:30:00 AM","VH-EBN","330","PER","SYD"
"334","QFA0497","QFA0497","23/04/2019 11:59:00 AM","23/04/2019 1:22:00 PM","VH-EBN","330","MEL","SYD"
"335","QFA0485","QFA0485","23/04/2019 12:01:00 AM","23/04/2019 3:49:00 AM","VH-EBN","330","PER","MEL"
"336","QFA0476","QFA0476","23/04/2019 5:04:00 AM","23/04/2019 8:33:00 AM","VH-EBN","330","MEL","PER"
"337","QFA0464","QFA0464","23/04/2019 9:43:00 AM","23/04/2019 10:59:00 AM","VH-EBN","330","SYD","MEL"
"338","QFA0400","QFA0400","23/04/2019 7:57:00 PM","23/04/2019 9:14:00 PM","VH-EBN","330","SYD","MEL"
"339","QFA0577","QFA0577","23/04/2019 2:23:00 AM","23/04/2019 6:49:00 AM","VH-EBE","330","PER","SYD"
"340","QFA0566","QFA0566","23/04/2019 8:29:00 AM","23/04/2019 12:23:00 PM","VH-EBE","330","SYD","PER"
"341","QFA0129","QFA0129","23/04/2019 11:40:00 PM","24/04/2019 10:15:00 AM","VH-EBR","330","PVG","SYD"
"342","QFA0044","QFA0044","23/04/2019 2:16:00 PM","23/04/2019 8:12:00 PM","VH-EBR","330","SYD","DPS"
"343","QFA0043","QFA0043","23/04/2019 6:26:00 AM","23/04/2019 12:28:00 PM","VH-EBR","330","DPS","SYD"
"344","QFA0118","QFA0118","23/04/2019 2:30:00 PM","23/04/2019 11:28:00 PM","VH-QPA","330","SYD","HKG"
"345","QFA0024","QFA0024","23/04/2019 11:46:00 AM","23/04/2019 8:49:00 PM","VH-EBV","330","SYD","BKK"
"346","QFA0023","QFA0023","23/04/2019 11:49:00 PM","24/04/2019 9:34:00 AM","VH-EBV","330","BKK","SYD"
"347","QFA0023","QFA0023","23/04/2019 12:08:00 AM","23/04/2019 10:12:00 AM","VH-EBV","330","BKK","SYD"
"348","QFA0583","QFA0583","23/04/2019 9:53:00 AM","23/04/2019 2:30:00 PM","VH-EBM","330","PER","SYD"
"349","QFA0568","QFA0568","23/04/2019 4:12:00 PM","23/04/2019 8:02:00 PM","VH-EBM","330","SYD","PER"
"350","QFA0565","QFA0565","23/04/2019 9:24:00 PM","24/04/2019 2:08:00 AM","VH-EBM","330","PER","SYD"
"351","QFA0082","QFA0082","23/04/2019 1:02:00 PM","23/04/2019 9:03:00 PM","VH-QPE","330","SYD","SIN"
"352","QFA0051","QFA0051","23/04/2019 1:55:00 AM","23/04/2019 10:12:00 AM","VH-QPE","330","SIN","BNE"
"353","QFA0574","QFA0574","23/04/2019 9:15:00 PM","24/04/2019 1:24:00 AM","VH-EBD","330","SYD","PER"
"354","QFA0072","QFA0072","23/04/2019 10:42:00 AM","23/04/2019 3:37:00 PM","VH-EBD","330","PER","SIN"
"355","QFA0071","QFA0071","23/04/2019 3:49:00 AM","23/04/2019 8:59:00 AM","VH-EBD","330","SIN","PER"
"356","QFA0020","QFA0020","23/04/2019 12:09:00 PM","23/04/2019 8:10:00 PM","VH-QPI","330","SYD","MNL"
"357","QFA0019","QFA0019","23/04/2019 2:12:00 AM","23/04/2019 10:24:00 AM","VH-QPI","330","MNL","SYD"
"358","QFA0767","QFA0767","23/04/2019 10:27:00 AM","23/04/2019 3:39:00 PM","VH-EBQ","330","PER","BNE"
"359","QFA0480","QFA0480","23/04/2019 10:21:00 PM","24/04/2019 2:00:00 AM","VH-EBQ","330","MEL","PER"
"360","QFA0143","QFA0143","23/04/2019 12:01:00 AM","23/04/2019 3:05:00 AM","VH-EBQ","330","AKL","SYD"
"361","QFA0126","QFA0126","23/04/2019 4:18:00 AM","23/04/2019 7:59:00 AM","VH-EBQ","330","BNE","AKL"
"362","QFA0775","QFA0775","23/04/2019 9:14:00 PM","24/04/2019 1:08:00 AM","VH-EBL","330","PER","MEL"
"363","QFA0158","QFA0158","23/04/2019 6:30:00 AM","23/04/2019 10:12:00 AM","VH-EBL","330","MEL","AKL"
"364","QFA0923","QFA0923","23/04/2019 3:39:00 AM","23/04/2019 6:02:00 AM","VH-EBC","330","SYD","CNS"
"365","QFA0652","QFA0652","23/04/2019 3:02:00 PM","23/04/2019 7:19:00 PM","VH-EBC","330","BNE","PER"
"366","QFA0571","QFA0571","23/04/2019 7:34:00 AM","23/04/2019 12:06:00 PM","VH-EBC","330","PER","SYD"
"367","QFA0097","QFA0097","23/04/2019 12:07:00 AM","23/04/2019 9:30:00 AM","VH-QPH","330","HKG","BNE"
"368","QFA0030","QFA0030","23/04/2019 12:07:00 PM","23/04/2019 9:17:00 PM","VH-QPH","330","MEL","HKG"
"369","QFA0029","QFA0029","23/04/2019 11:38:00 PM","24/04/2019 8:58:00 AM","VH-QPH","330","HKG","MEL"
"370","QFA0149","QFA0149","23/04/2019 8:52:00 AM","23/04/2019 11:47:00 AM","VH-EBK","330","AKL","SYD"
"371","QFA0146","QFA0146","23/04/2019 3:46:00 AM","23/04/2019 7:01:00 AM","VH-EBK","330","SYD","AKL"
"372","QFA0143","QFA0143","23/04/2019 11:32:00 PM","24/04/2019 2:32:00 AM","VH-EBK","330","AKL","SYD"
"373","QFA0140","QFA0140","23/04/2019 6:20:00 PM","23/04/2019 9:42:00 PM","VH-EBK","330","SYD","AKL"
"374","QFA0128","QFA0128","23/04/2019 11:38:00 AM","23/04/2019 8:40:00 PM","VH-QPC","330","SYD","HKG"
"375","QFA0033","QFA0033","23/04/2019 11:58:00 PM","24/04/2019 10:19:00 AM","VH-QPC","330","KIX","SYD"
"376","QFA0029","QFA0029","23/04/2019 12:08:00 AM","23/04/2019 9:10:00 AM","VH-QPC","330","HKG","MEL"
"377","QFA0769","QFA0769","23/04/2019 3:00:00 AM","23/04/2019 6:51:00 AM","VH-EBB","330","PER","MEL"
"378","QFA0768","QFA0768","23/04/2019 8:03:00 AM","23/04/2019 11:18:00 AM","VH-EBB","330","MEL","PER"
"379","QFA0414","QFA0414","23/04/2019 9:57:00 PM","23/04/2019 11:08:00 PM","VH-EBB","330","SYD","MEL"
"380","QFA0080","QFA0080","23/04/2019 10:57:00 AM","23/04/2019 8:55:00 PM","VH-QPG","330","MEL","NRT"
"381","QFA0117","QFA0117","23/04/2019 11:12:00 AM","23/04/2019 8:33:00 PM","VH-EBO","330","HKG","SYD"
"382","QFA0038","QFA0038","23/04/2019 3:47:00 PM","23/04/2019 11:06:00 PM","VH-EBG","330","MEL","SIN"
"383","QFA0037","QFA0037","23/04/2019 6:22:00 AM","23/04/2019 1:55:00 PM","VH-EBG","330","SIN","MEL"
"384","QFA0028","QFA0028","23/04/2019 6:15:00 PM","24/04/2019 8:26:00 AM","VH-OEG","744","SYD","SCL"
"385","QFA0027_1","QFA0027","23/04/2019 3:58:00 AM","23/04/2019 4:01:00 PM","VH-OEG","744","SCL","SYD"
"386","QFA0026","QFA0026","23/04/2019 12:57:00 PM","23/04/2019 10:00:00 PM","VH-OEH","744","SYD","HND"
"387","QFA0073","QFA0073","23/04/2019 7:54:00 AM","23/04/2019 9:06:00 PM","VH-OEI","744","SFO","SYD"
"388","QFA0937","QFA0937","23/04/2019 9:33:00 PM","23/04/2019 11:27:00 PM","VH-XZM","N37","ASP","DRW"
"389","QFA0792","QFA0792","23/04/2019 12:15:00 PM","23/04/2019 3:38:00 PM","VH-XZM","N37","DRW","PER"
"390","QFA0777","QFA0777","23/04/2019 7:23:00 AM","23/04/2019 11:22:00 AM","VH-XZM","N37","PER","MEL"
"391","QFA0441","QFA0441","23/04/2019 4:37:00 AM","23/04/2019 5:53:00 AM","VH-XZM","N37","MEL","SYD"
"392","QFA0064","QFA0064","23/04/2019 5:06:00 PM","24/04/2019 4:18:00 AM","VH-OEB","744","SYD","JNB"
"393","QFA0063","QFA0063","23/04/2019 1:06:00 AM","23/04/2019 2:48:00 PM","VH-OEB","744","JNB","SYD"
"394","QFA0074","QFA0074","23/04/2019 5:43:00 AM","23/04/2019 8:01:00 PM","VH-OEE","744","SYD","SFO"
"395","QFA7524","QFA7524","23/04/2019 7:21:00 PM","23/04/2019 10:09:00 PM","VH-EFR","767F","SYD","CHC"
"396","QFA7524","QFA7524","23/04/2019 4:12:00 PM","23/04/2019 5:45:00 PM","VH-EFR","767F","CHC","AKL"
"397","QFA7523","QFA7523","23/04/2019 12:22:00 PM","23/04/2019 3:13:00 PM","VH-EFR","767F","AKL","SYD"
"398","QFA0025","QFA0025","23/04/2019 11:19:00 AM","23/04/2019 8:22:00 PM","VH-OEF","744","HND","SYD"
"399","QFA0015","QFA0015","23/04/2019 12:42:00 AM","23/04/2019 1:54:00 PM","VH-ZND","787","LAX","BNE"
"400","QFA0012","QFA0012","23/04/2019 10:21:00 PM","24/04/2019 3:36:00 AM","VH-ZND","787","LAX","JFK"
"401","QFA0011","QFA0011","23/04/2019 3:37:00 PM","23/04/2019 8:49:00 PM","VH-ZND","787","JFK","LAX"
"402","QFA0127","QFA0127","23/04/2019 12:33:00 AM","23/04/2019 9:44:00 AM","VH-ZNC","787","HKG","SYD"
"403","QFA0098","QFA0098","23/04/2019 12:13:00 PM","23/04/2019 8:18:00 PM","VH-ZNC","787","BNE","HKG"
"404","QFA1011","QFA1011","23/04/2019 10:19:00 PM","23/04/2019 11:24:00 PM","VH-XZN","N37","HBA","MEL"
"405","QFA0825","QFA0825","23/04/2019 4:04:00 AM","23/04/2019 7:30:00 AM","VH-XZN","N37","BNE","DRW"
"406","QFA0551","QFA0551","23/04/2019 8:33:00 AM","23/04/2019 9:51:00 AM","VH-XZN","N37","SYD","BNE"
"407","QFA0401","QFA0401","23/04/2019 7:56:00 PM","23/04/2019 9:19:00 PM","VH-XZN","N37","MEL","SYD"
"408","QFA0009","QFA0009","23/04/2019 10:47:00 AM","24/04/2019 4:08:00 AM","VH-ZNF","787","LHR","PER"
"409","QFA0009","QFA0009","23/04/2019 5:18:00 AM","23/04/2019 9:06:00 AM","VH-ZNF","787","PER","MEL"
"410","QFA0580","QFA0580","23/04/2019 4:48:00 AM","23/04/2019 8:58:00 AM","VH-XZG","N37","SYD","PER"
"411","QFA0091","QFA0091","23/04/2019 9:46:00 PM","24/04/2019 12:29:00 AM","VH-XZG","N37","NOU","SYD"
"412","QFA0864","QFA0864","23/04/2019 1:27:00 AM","23/04/2019 2:40:00 AM","VH-XZK","N37","OOL","SYD"
"413","QFA0863","QFA0863","23/04/2019 3:27:00 AM","23/04/2019 4:42:00 AM","VH-XZK","N37","SYD","OOL"
"414","QFA0481","QFA0481","23/04/2019 8:51:00 AM","23/04/2019 12:51:00 PM","VH-XZK","N37","PER","MEL"
"415","QFA0447","QFA0447","23/04/2019 5:58:00 AM","23/04/2019 7:14:00 AM","VH-XZK","N37","MEL","SYD"
"416","QFA0703","QFA0703","23/04/2019 3:25:00 AM","23/04/2019 6:21:00 AM","VH-XZP","N37","MEL","CNS"
"417","QFA0632","QFA0632","23/04/2019 8:07:00 AM","23/04/2019 10:15:00 AM","VH-XZP","N37","BNE","MEL"
"418","QFA0501","QFA0501","23/04/2019 7:59:00 PM","23/04/2019 9:26:00 PM","VH-XZP","N37","SYD","BNE"
"419","QFA0419","QFA0419","23/04/2019 11:03:00 PM","24/04/2019 12:25:00 AM","VH-XZP","N37","MEL","SYD"
"420","QFA0010","QFA0010","23/04/2019 11:11:00 AM","24/04/2019 3:33:00 AM","VH-ZNA","787","PER","LHR"
